video_id,datetime,title
ISFmkrwJpcg,2025-06-09T05:00:30Z,LlamaExtract Tutorial: Convert PDF &amp; Images into JSON
q3lcSwdLAEs,2025-06-05T09:01:24Z,Vibe Coding For Engineers (make it ACTUALLY work)
C2Pg0nWMWew,2025-05-14T11:30:17Z,How to Build an MCP Client GUI with Streamlit and FastAPI
mhdGVbJBswA,2025-04-29T05:00:50Z,Create an MCP Client in Python - FastAPI Tutorial
5tl6D-h2_Qc,2025-03-27T17:33:33Z,Create MCP Clients in JavaScript - Tutorial
Ek8JHgZtmcI,2025-03-13T06:05:00Z,Learn MCP Servers with Python (EASY)
yzPQaNhuVGU,2025-02-28T06:00:47Z,Advanced RAG with LlamaIndex - Metadata Extraction [2025]
uLrReyH5cu0,2024-11-12T10:07:00Z,Multimodal RAG: Chat with PDFs (Images &amp; Tables) [2025]
2Qr0yUGGpCE,2024-11-04T06:07:00Z,LlamaIndex: How to Get Structured Data from LLMs
M6fdbgOGFHc,2024-10-29T20:03:00Z,LlamaIndex: How to use LLMs
cCyYGYyCka4,2024-07-30T10:45:03Z,Introduction to LlamaIndex with Python (2025)
W03paqjbWAg,2024-07-19T05:00:16Z,New Groq Models: Best for Function-Calling Agents
hKVhRA9kfeM,2024-07-17T09:59:03Z,Python: Create a ReAct Agent from Scratch
N-IYzyi86yY,2024-07-02T08:45:00Z,Joe Moura | Multi Agent Systems and CrewAI
gXET04dJ66A,2024-06-12T18:00:30Z,CrewAI + Exa: Generate a Newsletter with Research Agents (Part 1)
imlQ1icxpBU,2024-06-05T08:08:00Z,"Jerry Liu - What is LlamaIndex, Agents &amp; Advice for AI Engineers"
7DJzHncUlpI,2024-06-05T05:07:00Z,LlamaParse: Convert PDF (with tables) to Markdown
27sEXFWAbw0,2024-06-02T17:33:42Z,Early days of RAG and LlamaIndex - Jerry Liu
vhbfs38XmKk,2024-05-20T11:57:25Z,Build a Web App (GUI) for your CrewAI Automation (Easy with Python)
LHXujQ19Euo,2024-04-11T17:09:42Z,Python: Automating a Marketing Team with AI Agents | Planning and Implementing CrewAI
kBXYFaZ0EN0,2024-03-29T11:10:40Z,CrewAI Step-by-Step | Complete Course for Beginners
8E6uPB4U0E8,2024-03-25T11:37:45Z,Harrison Chase: LangChain and The Future of LLM Applications | Alejandro AO
YqqRkuizNN4,2024-03-18T21:03:02Z,Chat with MySQL Database using GPT-4 and Mistral AI | Python GUI App
zKGeRWjJlTU,2024-03-01T12:07:00Z,Stream LLMs with LangChain + Streamlit | Tutorial
9ccl1_Wu24Q,2024-02-23T10:07:00Z,Chat with MySQL Database with Python | LangChain Tutorial
6ciD6KXq3MY,2024-02-17T00:54:14Z,What is Google&#39;s Gemini 1.5 Pro | 10 Million Token Window
74c3KaAXPvk,2024-02-14T12:07:00Z,Deploy Your AI Streamlit App for FREE | Step-by-Step (Heroku Alternative)
bupx08ZgSFg,2024-01-31T14:52:47Z,Tutorial | Chat with any Website using Python and Langchain (LATEST VERSION)
LBNpyjcbv0o,2024-01-24T10:07:00Z,Create a RAG Chain using LangChain 0.1 (New version)
FbUhHUeI3ZU,2024-01-17T10:07:00Z,LangChain Version 0.1 Explained | New Features &amp; Changes
VL6MAAgwSDM,2023-07-17T18:00:11Z,Langchain + Qdrant Cloud | Pinecone FREE Alternative (20GB) | Tutorial
Zn5tmx0ynw8,2023-06-08T05:17:00Z,Full Python Environment Setup for AI (or other) Apps + Virtual Environments
dXxQ0LR-3Hg,2023-05-29T21:52:22Z,Chat with Multiple PDFs | LangChain App Tutorial in Python (Free LLMs and Embeddings)
IaTiyQ2oYUQ,2023-05-22T09:07:00Z,Create a ChatGPT clone using Streamlit and LangChain
tjeti5vXWOU,2023-05-15T09:07:00Z,Chat with a CSV | LangChain Agents Tutorial (Beginners)
Cwq91cj2Pnc,2023-05-08T11:47:00Z,LangChain Memory Tutorial | Building a ChatGPT Clone in Python
wUAUdEw5oxM,2023-05-01T14:21:53Z,Langchain PDF App (GUI) | Create a ChatGPT For Your PDF in Python
NfwfiyMi1lk,2023-04-24T05:07:01Z,Streamlit Python Course: Build a Machine Learning App to Predict Cancer
kjUSOa_KOts,2023-04-13T05:07:00Z,"Full-Stack Project | ChatGPT API, React, Node.js, Express"
nviEA5chYA8,2023-03-26T08:07:00Z,Create a Chrome Extension (Manifest V3) for ChatGPT
wiCEVVNxCYU,2023-03-13T22:17:39Z,Display Equations in ChatGPT
My4JgIeFdWk,2023-02-27T06:07:00Z,Logistic Regression Project: Cancer Prediction with Python
O2Cw82YR5Bo,2023-02-13T06:07:00Z,Linear Regression in Python - Full Project for Beginners
jD6813wGdBA,2023-02-06T06:07:00Z,React Leaflet Tutorial for Beginners (2023)
uzOzpWu5pUY,2023-01-30T09:08:57Z,How to do AJAX in WordPress correctly (2023)
AA0Rd9MDEik,2023-01-23T12:07:00Z,"Vanilla JS Project: Multi Step form in HTML, CSS &amp; OOP Javascript"
LxenV0YaX8M,2023-01-16T12:07:00Z,Javascript Interactive Map with Leaflet EASY (with Marker Clusters &amp; Popups)
A5r8kslNSF0,2023-01-09T11:29:49Z,Convert HTML template to WordPress Theme (2023) - Full Course
CmT29pElbt8,2023-01-03T12:37:00Z,R Programming 101 - Crash Course for beginners
Ij8SJe_mwpU,2022-12-19T12:07:00Z,Configure Webpack 5 in Wordpress (2023) with Typescript and SASS
Rdq2oEWg3KU,2022-12-01T10:59:12Z,Linear Regression in R - Full Project for Beginners
